PLU,NAME,GRS_SLS,SLS_CNT,VAT,PRICE,NET_SLS,RVC_NUM,MAJ_GRP_NUM
11121,Clover Club*,14.17,2,2.83,,11.34,,
11115,Corona*,10,3,2,,8,,
,Crate PALE ALE*,3.33,1,0.67,,2.66,,
10000000155,Espresso Martini*,56.67,8,11.33,,45.34,,
,Grind Mary*,14.17,2,2.83,,11.34,,
,Guest 40 Feet*,63.75,17,12.75,,51,,
10000000151,HFWR*,14.17,2,2.83,,11.34,,
11127,Old St Fshd*,7.08,1,1.42,,5.66,,
11116,Peroni*,13.33,4,2.67,,10.66,,
,Shapeshifter IPA*,67.5,18,13.5,,54,,
1E+11,White Wine*,10.83,2,2.17,,8.66,,
,Work*,7.92,2,1.58,,6.34,,
11178,Baby Cino*,0,1,0,,0,,
99001,Beetroot Latte*,2.5,1,0.5,,2,,
11180,Cappucci*,217.96,84,40.57,,177.39,,
,Cortado*,6.5,3,1.3,,5.2,,
11206,Earl     Grey*,4.58,2,0.92,,3.66,,
11207,English Breakfast*,18.75,8,3.75,,15,,
11181,Espresso*,53.17,29,10.63,,42.54,,
,Filter coffee*,50.79,24,10.16,,40.63,,
11185,Flat White*,298.97,126,57.1,,241.87,,
11208,Fresh Mint*,11.46,5,2.29,,9.17,,
11209,Green*,9.17,4,1.83,,7.34,,
11188,Hot Choc*,22.25,9,4.45,,17.8,,
,Iced Black*,15,5,0,,15,,
11189,Iced Coffee*,77.79,24,0,,77.79,,
,Iced Tea*,2.29,1,0.46,,1.83,,
11210,Jasmine*,2.29,1,0.46,,1.83,,
11191,Latte*,232.19,90,45.81,,186.38,,
11211,Lemongrass Ginger*,6.88,3,1.37,,5.51,,
11192,Long Black*,120.4,57,22.18,,98.22,,
11182,Macch*,25,12,5,,20,,
99003,Matcha Latte*,7.5,3,1.5,,6,,
11196,Mocha*,23.42,9,4.68,,18.74,,
11197,Piccolo*,6.5,3,1.3,,5.2,,
11199,Short Black*,11.5,6,2.3,,9.2,,
20010,Staff Coffee*,0,10,0,,0,,
11226,Almond Croissant*,25.2,9,0,,25.2,,
1E+11,Banana Bread*,25,6,5,,20,,
,Breakfast Focaccia*,40.83,7,8.17,,32.66,,
1E+11,C & Tom(Cold)*,5,2,0,,5,,
1E+11,C & Tom(Hot)*,19.67,8,3.93,,15.74,,
,Cookie*,15,15,3,,12,,
,DEL Avocado side*,10,4,2,,8,,
,DEL Bacon side*,20,8,4,,16,,
,DEL Banana Bread*,16.67,4,3.33,,13.34,,
,DEL Beans side*,2.5,1,0.5,,2,,
,DEL Feta cheese side*,5,2,1,,4,,
,DEL Fried eggs side*,5,2,1,,4,,
,DEL Mushroom side*,2.5,1,0.5,,2,,
,DEL Porridge*,4.58,1,0.92,,3.66,,
,DEL Sausages side*,15,6,3,,12,,
,DEL Scrambled eggs side*,10,4,2,,8,,
,DEL Smashed Avo*,106.67,16,21.33,,85.34,,
,"DEL Smoked Salmon, eggs*",75,10,15,,60,,
,DEL Smoked salmon side*,3.33,1,0.67,,2.66,,
,DEL The Grind*,91.67,10,18.33,,73.34,,
,DEL Toast side*,5,2,1,,4,,
,"DEL Toast, Jam*",5.83,2,1.17,,4.66,,
,DEL White pudding side*,2.08,1,0.42,,1.66,,
,"DEL Yoghurt, seeds*",13.75,3,2.75,,11,,
,Energy ball*,25,12,5,,20,,
1E+11,Ham & C (Cold)*,5.2,2,0,,5.2,,
1E+11,Ham & C (Hot)*,45.14,17,8.41,,36.73,,
11250,House Tart*,0,0,0,,0,,
1E+11,Meat Foccacia*,31.5,7,6.3,,25.2,,
11245,Muffin*,19.8,9,0,,19.8,,
11227,Pain au Choc*,15.4,7,0,,15.4,,
11228,Pain au Raisin*,17.6,8,0,,17.6,,
11247,Pastel De Nata*,18,10,0,,18,,
11229,Plain Croissant <S>*,18,10,0,,18,,
1E+11,Porridge*,30,8,6,,24,,
,Prosciutto cotto side*,1.67,1,0.33,,1.34,,
,Protein Pot*,12.5,5,2.5,,10,,
1E+11,Quinoa Eggs*,10.83,2,2.17,,8.66,,
1E+11,Raw Breakfast Salad*,12.5,2,2.5,,10,,
,Salmon Muf/Toast*,11.25,3,2.25,,9,,
1E+11,"Seeds, Yoghurt*",15,4,3,,12,,
1E+11,Smashed Avocado*,392.92,60,77,,315.92,,
1E+11,"Smoked Salmon, Eggs*",80,12,16,,64,,
,Smoothie Bowl*,43.33,8,8.67,,34.66,,
1E+11,"Sourdough, Jam*",25,12,5,,20,,
1E+11,The Grind*,66.67,8,13.33,,53.34,,
,Amber Juice*,51.46,13,10.29,,41.17,,
,Amber Smoothie*,55,11,0,,55,,
,DEL Amber Juice*,16.67,4,3.33,,13.34,,
,DEL Amber Smoothie*,18.33,4,3.67,,14.66,,
,DEL Green Juice*,8.33,2,1.67,,6.66,,
,DEL Green Smoothie*,18.33,4,3.67,,14.66,,
,DEL Orange Juice*,26.67,8,5.33,,21.34,,
,DEL Red Juice*,8.33,2,1.67,,6.66,,
,DEL Red Smoothie*,41.25,9,8.25,,33,,
,Green Juice*,35.62,9,7.12,,28.5,,
,Green Smoothie*,21,4,0,,21,,
,Orange Juice*,46.67,16,9.33,,37.34,,
,Red Juice*,11.88,3,2.37,,9.51,,
,Red Smoothie*,25,5,0,,25,,
22222222,Tin Refill*,10,1,0,,10,,
11286,Coke*,5.33,4,1.07,,4.26,,
,Cold Brew Bottle*,23.04,7,4.61,,18.43,,
,DEL Coke*,3.33,2,0.67,,2.66,,
,DEL Diet Coke*,1.67,1,0.33,,1.34,,
,DEL Sparkling*,2.08,1,0.42,,1.66,,
1E+11,Detox*,6.25,2,1.25,,5,,
11287,Diet Coke*,1.33,1,0.27,,1.06,,
,Garden*,4.79,1,0.96,,3.83,,
,Greenhou*,9.58,2,1.92,,7.66,,
,Grove*,9.58,2,1.92,,7.66,,
1E+11,Immunity*,3.12,1,0.62,,2.5,,
11288,Limonata*,1.54,1,0.31,,1.23,,
1E+11,Orchard*,19.17,4,3.83,,15.34,,
11290,Sparkling*,2.67,2,0.53,,2.14,,
11291,Still*,4,3,0.53,,3.47,,
20012,Vita Coco*,4,2,0.8,,3.2,,
